Id,age,workclass,fnlwgt,education,education-num,marital-status,occupation,relationship,race,sex,capital-gain,capital-loss,hours-per-week,native-country
0,34, Self-emp-not-inc,56460, HS-grad,9, Married-civ-spouse, Farming-fishing, Wife, White, Female,0,2179,12, United-States
1,48, Self-emp-not-inc,243631, Some-college,10, Married-civ-spouse, Craft-repair, Husband, Amer-Indian-Eskimo, Male,7688,0,40, United-States
2,23, State-gov,56402, Some-college,10, Married-civ-spouse, Prof-specialty, Husband, White, Male,0,0,30, United-States
3,56, Local-gov,255406, HS-grad,9, Divorced, Exec-managerial, Not-in-family, White, Female,0,0,40, United-States
4,17, Private,297246, 11th,7, Never-married, Priv-house-serv, Own-child, White, Female,0,0,9, United-States
5,34, Private,152453, 12th,8, Married-civ-spouse, Craft-repair, Husband, White, Male,0,0,40, Guatemala
6,37, Private,140673, Some-college,10, Married-civ-spouse, Sales, Wife, White, Female,0,0,40, United-States
7,49, Self-emp-not-inc,162856, Some-college,10, Divorced, Exec-managerial, Not-in-family, Amer-Indian-Eskimo, Female,0,0,40, United-States
8,55, Private,132887, HS-grad,9, Married-civ-spouse, Transport-moving, Husband, Black, Male,3411,0,40, Jamaica
9,25, Private,131463, Bachelors,13, Married-civ-spouse, Prof-specialty, Husband, White, Male,0,0,40, United-States
10,38, Private,255621, HS-grad,9, Married-civ-spouse, Other-service, Husband, White, Male,0,0,40, United-States
11,37, Private,38468, Some-college,10, Never-married, Adm-clerical, Not-in-family, White, Female,0,0,40, United-States
12,45, Private,88500, Some-college,10, Married-civ-spouse, Machine-op-inspct, Husband, White, Male,0,0,44, United-States
13,51, Local-gov,26832, HS-grad,9, Married-civ-spouse, Craft-repair, Husband, White, Male,0,0,40, United-States
14,47, Private,52795, Some-college,10, Married-civ-spouse, Machine-op-inspct, Husband, White, Male,0,0,46, United-States
15,34, Private,314646, 9th,5, Married-civ-spouse, Craft-repair, Husband, White, Male,0,0,40, United-States
16,27, Local-gov,322208, Some-college,10, Never-married, Transport-moving, Own-child, White, Male,0,0,40, United-States
17,45, Private,140644, HS-grad,9, Married-civ-spouse, Machine-op-inspct, Husband, White, Male,0,0,40, United-States
18,21, Private,73679, Some-college,10, Never-married, Exec-managerial, Own-child, White, Female,0,0,40, United-States
19,23, Private,85088, Some-college,10, Never-married, Other-service, Own-child, White, Female,0,0,37, United-States
20,46, Private,133616, Some-college,10, Divorced, Adm-clerical, Unmarried, White, Female,0,0,40, United-States
21,22, Private,192455, HS-grad,9, Never-married, Adm-clerical, Unmarried, White, Female,0,0,40, United-States
22,31, Private,173350, HS-grad,9, Never-married, Other-service, Not-in-family, White, Female,0,0,30, United-States
23,33, Private,199046, Bachelors,13, Never-married, Sales, Not-in-family, White, Female,0,0,40, United-States
24,55, Self-emp-not-inc,322691, Masters,14, Married-civ-spouse, Sales, Husband, White, Male,3103,0,55, United-States
25,24, Private,278130, Assoc-acdm,12, Never-married, Adm-clerical, Not-in-family, White, Male,0,0,40, United-States
26,33, Private,127215, Some-college,10, Married-civ-spouse, Sales, Husband, White, Male,0,0,48, United-States
27,43, Private,269015, HS-grad,9, Married-civ-spouse, Machine-op-inspct, Husband, Black, Male,0,0,40, Germany
28,46, Private,251786, 1st-4th,2, Separated, Other-service, Not-in-family, White, Female,0,0,40, Mexico
29,18, Private,115839, 12th,8, Never-married, Adm-clerical, Not-in-family, White, Female,0,0,30, United-States
30,23, Private,277328, Some-college,10, Never-married, Handlers-cleaners, Own-child, White, Male,0,0,32, Cuba
31,44, Federal-gov,244054, Some-college,10, Divorced, Exec-managerial, Unmarried, White, Male,0,0,60, United-States
32,30, Self-emp-not-inc,173854, HS-grad,9, Married-civ-spouse, Craft-repair, Husband, White, Male,0,0,60, United-States
33,22, ?,376277, Some-college,10, Divorced, ?, Not-in-family, White, Female,0,0,35, United-States
34,45, Federal-gov,168232, Bachelors,13, Never-married, Adm-clerical, Not-in-family, White, Male,0,0,55, United-States
35,32, Private,193260, Some-college,10, Married-civ-spouse, Machine-op-inspct, Husband, Asian-Pac-Islander, Male,0,0,40, Philippines
36,53, ?,64322, 7th-8th,4, Separated, ?, Not-in-family, White, Male,0,0,40, United-States
37,27, Private,165519, HS-grad,9, Married-civ-spouse, Craft-repair, Husband, White, Male,0,0,40, United-States
38,22, Private,305498, HS-grad,9, Divorced, Sales, Own-child, White, Female,0,0,33, United-States
39,31, Private,236599, Bachelors,13, Married-civ-spouse, Exec-managerial, Husband, White, Male,0,0,45, United-States
40,35, Private,283305, Bachelors,13, Never-married, Exec-managerial, Not-in-family, White, Female,0,0,40, United-States
41,63, Self-emp-not-inc,194638, HS-grad,9, Married-civ-spouse, Craft-repair, Husband, White, Male,0,0,32, United-States
42,36, Private,33001, HS-grad,9, Divorced, Farming-fishing, Unmarried, White, Male,0,0,50, United-States
43,48, Self-emp-inc,184787, 7th-8th,4, Married-civ-spouse, Craft-repair, Husband, White, Male,0,0,50, United-States
44,31, Self-emp-not-inc,216283, Assoc-acdm,12, Married-civ-spouse, Other-service, Wife, White, Female,0,0,35, United-States
45,20, Private,232577, Some-college,10, Never-married, Other-service, Unmarried, White, Female,0,0,40, United-States
46,42, Self-emp-not-inc,101709, Assoc-voc,11, Married-civ-spouse, Craft-repair, Husband, Asian-Pac-Islander, Male,2885,0,40, United-States
47,35, Self-emp-inc,153976, HS-grad,9, Married-civ-spouse, Exec-managerial, Husband, White, Male,0,0,60, United-States
48,62, Private,176839, Bachelors,13, Married-civ-spouse, Tech-support, Husband, White, Male,0,0,38, United-States
49,64, Federal-gov,271550, Some-college,10, Married-civ-spouse, Transport-moving, Husband, White, Male,0,0,40, United-States
50,27, Private,77774, HS-grad,9, Never-married, Machine-op-inspct, Own-child, White, Female,0,0,34, United-States
51,24, Private,88126, HS-grad,9, Never-married, Craft-repair, Not-in-family, White, Male,0,0,40, United-States
52,65, Self-emp-inc,178771, HS-grad,9, Married-civ-spouse, Exec-managerial, Husband, White, Male,0,0,40, United-States
53,45, Private,221780, Some-college,10, Divorced, Handlers-cleaners, Not-in-family, White, Male,0,0,30, United-States
54,28, ?,291374, HS-grad,9, Separated, ?, Unmarried, Black, Female,0,0,30, United-States
55,59, Private,175689, Some-college,10, Married-civ-spouse, Adm-clerical, Wife, White, Female,0,0,14, Cuba
56,48, Private,169324, HS-grad,9, Never-married, Other-service, Unmarried, Black, Female,0,0,32, Haiti
57,42, Private,190179, Bachelors,13, Married-civ-spouse, Prof-specialty, Husband, White, Male,99999,0,40, United-States
58,41, Private,118853, Some-college,10, Married-civ-spouse, Sales, Husband, White, Male,0,0,40, United-States
59,25, Local-gov,169905, Some-college,10, Married-civ-spouse, Farming-fishing, Husband, White, Male,0,0,40, United-States
60,58, Private,140363, HS-grad,9, Divorced, Machine-op-inspct, Not-in-family, White, Male,3325,0,30, United-States
61,51, Private,122288, Some-college,10, Widowed, Machine-op-inspct, Unmarried, White, Female,0,0,36, United-States
62,49, Private,31267, 7th-8th,4, Married-civ-spouse, Craft-repair, Husband, White, Male,0,0,40, United-States
63,31, Private,59496, Some-college,10, Married-civ-spouse, Adm-clerical, Husband, White, Male,0,0,50, United-States
64,29, Private,285290, 11th,7, Never-married, Other-service, Unmarried, Black, Female,0,0,40, United-States
65,30, Self-emp-not-inc,116666, Masters,14, Divorced, Prof-specialty, Not-in-family, Asian-Pac-Islander, Male,0,0,50, India
66,40, Private,182140, HS-grad,9, Separated, Transport-moving, Unmarried, Black, Male,0,0,40, United-States
67,23, Private,218899, Bachelors,13, Never-married, Sales, Own-child, White, Female,0,0,60, United-States
68,20, Private,216972, HS-grad,9, Never-married, Sales, Not-in-family, White, Male,0,0,30, United-States
69,44, Private,216907, Assoc-acdm,12, Married-civ-spouse, Craft-repair, Husband, White, Male,0,1848,40, United-States
70,37, Self-emp-not-inc,348960, Assoc-acdm,12, Married-civ-spouse, Transport-moving, Husband, White, Male,0,0,50, United-States
71,44, Private,201723, Bachelors,13, Married-civ-spouse, Exec-managerial, Husband, White, Male,15024,0,45, United-States
72,27, Private,200641, 10th,6, Married-civ-spouse, Exec-managerial, Wife, White, Female,0,0,40, Mexico
73,36, Private,342642, Masters,14, Never-married, Exec-managerial, Not-in-family, White, Male,0,0,15, United-States
74,27, Private,100168, 7th-8th,4, Married-civ-spouse, Other-service, Wife, White, Female,0,0,40, United-States
75,22, Private,205939, Bachelors,13, Never-married, Exec-managerial, Own-child, White, Male,2202,0,4, United-States
76,36, Local-gov,126569, Some-college,10, Married-civ-spouse, Protective-serv, Husband, White, Male,0,0,40, United-States
77,30, Self-emp-inc,204470, Some-college,10, Married-civ-spouse, Exec-managerial, Husband, White, Male,0,0,36, United-States
78,31, Private,159737, 10th,6, Never-married, Adm-clerical, Unmarried, Black, Female,0,0,40, United-States
79,27, Private,50132, Some-college,10, Divorced, Sales, Not-in-family, White, Male,0,0,50, United-States
80,39, Private,186420, HS-grad,9, Divorced, Adm-clerical, Not-in-family, White, Female,0,0,40, United-States
81,42, Private,177989, HS-grad,9, Married-civ-spouse, Craft-repair, Husband, White, Male,0,0,40, United-States
82,26, Private,206600, 11th,7, Never-married, Other-service, Other-relative, White, Male,0,0,30, Mexico
83,45, Private,34248, HS-grad,9, Married-civ-spouse, Sales, Husband, White, Male,0,0,50, United-States
84,49, Private,133729, Some-college,10, Married-civ-spouse, Other-service, Husband, White, Male,0,0,17, United-States
85,18, Private,378707, 10th,6, Never-married, Sales, Own-child, White, Female,0,0,20, United-States
86,51, Private,152810, HS-grad,9, Married-civ-spouse, Prof-specialty, Husband, White, Male,0,0,40, United-States
87,66, Private,101607, HS-grad,9, Divorced, Machine-op-inspct, Not-in-family, White, Male,0,0,10, United-States
88,47, Local-gov,352614, Assoc-acdm,12, Married-civ-spouse, Protective-serv, Husband, White, Male,0,0,40, United-States
89,55, Private,227158, Bachelors,13, Widowed, Adm-clerical, Unmarried, White, Female,0,0,40, United-States
90,27, State-gov,365916, Assoc-acdm,12, Never-married, Exec-managerial, Not-in-family, White, Female,0,0,58, United-States
91,75, ?,125784, Some-college,10, Married-civ-spouse, ?, Husband, White, Male,0,0,8, United-States
92,24, Private,96178, Bachelors,13, Never-married, Adm-clerical, Own-child, White, Female,0,0,40, United-States
93,32, Private,97723, Some-college,10, Never-married, Craft-repair, Not-in-family, White, Male,0,0,38, United-States
94,60, Private,135470, 5th-6th,3, Married-civ-spouse, Craft-repair, Husband, White, Male,0,0,40, Mexico
95,28, Private,535978, Some-college,10, Married-civ-spouse, Craft-repair, Husband, White, Male,0,0,40, United-States
96,34, Private,34374, Some-college,10, Never-married, Other-service, Not-in-family, White, Male,0,0,50, United-States
97,77, Self-emp-not-inc,209507, Some-college,10, Never-married, Craft-repair, Not-in-family, White, Male,0,0,40, United-States
98,25, ?,202480, Assoc-acdm,12, Never-married, ?, Other-relative, White, Male,0,0,45, United-States
99,45, Private,179659, Bachelors,13, Married-civ-spouse, Craft-repair, Husband, White, Male,3103,0,40, United-States
100,75, Private,256474, Masters,14, Never-married, Protective-serv, Not-in-family, White, Male,0,0,16, United-States
101,52, ?,271749, 12th,8, Never-married, ?, Other-relative, Black, Male,594,0,40, United-States
102,30, Self-emp-not-inc,117944, HS-grad,9, Married-civ-spouse, Prof-specialty, Husband, White, Male,0,0,25, United-States
103,34, Self-emp-inc,174215, Masters,14, Never-married, Exec-managerial, Not-in-family, White, Female,4787,0,45, France
104,64, State-gov,264544, Masters,14, Married-civ-spouse, Prof-specialty, Wife, White, Female,0,0,5, United-States
105,29, Self-emp-not-inc,322238, HS-grad,9, Never-married, Farming-fishing, Not-in-family, White, Male,0,0,40, United-States
106,29, Private,104256, HS-grad,9, Divorced, Sales, Not-in-family, White, Female,0,0,34, United-States
107,35, Private,82552, Assoc-acdm,12, Married-civ-spouse, Tech-support, Husband, White, Male,0,0,40, United-States
108,35, Private,194960, HS-grad,9, Never-married, Farming-fishing, Not-in-family, Other, Male,0,0,40, Puerto-Rico
109,29, Private,253752, 10th,6, Married-civ-spouse, Farming-fishing, Wife, White, Female,0,0,40, United-States
110,20, Private,653574, Some-college,10, Never-married, Other-service, Own-child, White, Male,0,0,33, El-Salvador
111,46, Private,86220, Bachelors,13, Divorced, Sales, Not-in-family, White, Female,0,0,40, United-States
112,23, Private,179423, Bachelors,13, Never-married, Adm-clerical, Not-in-family, White, Female,0,0,5, United-States
113,60, ?,290593, Masters,14, Married-civ-spouse, ?, Husband, White, Male,0,0,40, United-States
114,25, Self-emp-not-inc,37741, Bachelors,13, Married-civ-spouse, Exec-managerial, Wife, White, Female,0,0,40, United-States
115,27, Self-emp-not-inc,404998, Assoc-voc,11, Never-married, Craft-repair, Own-child, White, Male,0,0,40, United-States
116,24, Private,417668, Bachelors,13, Never-married, Prof-specialty, Own-child, White, Male,0,0,30, United-States
117,81, Private,364099, Some-college,10, Divorced, Adm-clerical, Not-in-family, White, Female,0,0,20, United-States
118,30, Private,108247, Bachelors,13, Married-civ-spouse, Prof-specialty, Husband, White, Male,0,0,40, United-States
119,43, Private,151089, Some-college,10, Married-civ-spouse, Transport-moving, Husband, White, Male,0,0,50, United-States
120,50, Private,35224, HS-grad,9, Married-civ-spouse, Craft-repair, Husband, White, Male,0,0,40, United-States
121,60, Local-gov,138502, Bachelors,13, Married-civ-spouse, Protective-serv, Husband, White, Male,7298,0,48, United-States
122,57, Self-emp-not-inc,275943, 7th-8th,4, Married-civ-spouse, Prof-specialty, Husband, White, Male,0,0,40, ?
123,20, Private,190423, Some-college,10, Never-married, Other-service, Not-in-family, White, Female,0,0,20, United-States
124,41, Private,96741, Assoc-acdm,12, Divorced, Sales, Unmarried, White, Male,0,0,40, United-States
125,42, Private,37869, Some-college,10, Married-civ-spouse, Craft-repair, Husband, White, Male,0,0,40, United-States
126,38, Private,197711, 10th,6, Divorced, Machine-op-inspct, Not-in-family, Asian-Pac-Islander, Female,0,0,40, Portugal
127,31, State-gov,301526, Some-college,10, Married-spouse-absent, Other-service, Other-relative, White, Male,0,0,40, United-States
128,31, Private,51471, HS-grad,9, Divorced, Adm-clerical, Unmarried, White, Female,0,0,38, United-States
129,61, ?,72886, HS-grad,9, Married-civ-spouse, ?, Husband, White, Male,0,0,38, United-States
130,47, State-gov,160045, Some-college,10, Divorced, Adm-clerical, Not-in-family, White, Female,0,0,40, United-States
131,32, Private,210562, Assoc-voc,11, Divorced, Craft-repair, Own-child, White, Male,0,0,46, United-States
132,20, Private,100605, HS-grad,9, Never-married, Sales, Own-child, Other, Male,0,0,40, Puerto-Rico
133,52, ?,244214, HS-grad,9, Married-civ-spouse, ?, Husband, White, Male,0,0,35, United-States
134,43, Private,130126, Bachelors,13, Married-civ-spouse, Exec-managerial, Husband, White, Male,15024,0,50, United-States
135,44, Private,191814, Some-college,10, Married-civ-spouse, Prof-specialty, Husband, White, Male,0,0,45, United-States
136,21, Private,248512, Some-college,10, Never-married, Adm-clerical, Own-child, White, Female,0,0,40, United-States
137,72, ?,75890, Some-college,10, Widowed, ?, Unmarried, Asian-Pac-Islander, Female,0,0,4, United-States
138,37, Self-emp-not-inc,348739, Prof-school,15, Married-civ-spouse, Prof-specialty, Husband, White, Male,0,0,50, United-States
139,21, Private,108687, Some-college,10, Never-married, Sales, Own-child, White, Female,0,0,40, United-States
140,44, Private,175641, 11th,7, Married-civ-spouse, Sales, Husband, White, Male,0,0,40, United-States
141,70, Private,35494, HS-grad,9, Married-civ-spouse, Exec-managerial, Husband, White, Male,0,0,30, United-States
142,38, Private,186934, Some-college,10, Married-civ-spouse, Craft-repair, Husband, White, Male,0,0,45, United-States
143,61, Private,128848, HS-grad,9, Married-civ-spouse, Machine-op-inspct, Husband, White, Male,3471,0,40, United-States
144,54, Private,227832, Some-college,10, Married-civ-spouse, Adm-clerical, Husband, White, Male,0,0,40, United-States
145,53, Self-emp-not-inc,88506, Bachelors,13, Married-civ-spouse, Prof-specialty, Husband, White, Male,0,0,40, United-States
146,44, Private,192225, Bachelors,13, Married-civ-spouse, Exec-managerial, Husband, White, Male,0,0,40, United-States
147,57, Private,127277, Doctorate,16, Married-civ-spouse, Prof-specialty, Husband, Asian-Pac-Islander, Male,0,0,40, Taiwan
148,26, Self-emp-inc,176981, Bachelors,13, Never-married, Adm-clerical, Own-child, White, Female,0,0,50, United-States
149,22, Private,103277, Some-college,10, Never-married, Adm-clerical, Own-child, White, Female,0,0,20, United-States
150,58, Self-emp-inc,258883, Bachelors,13, Married-civ-spouse, Prof-specialty, Husband, White, Male,0,0,60, United-States
151,74, Federal-gov,181508, HS-grad,9, Widowed, Other-service, Not-in-family, White, Male,0,0,17, United-States
152,53, State-gov,197184, Masters,14, Married-civ-spouse, Exec-managerial, Husband, White, Male,0,0,70, United-States
153,45, Self-emp-inc,191776, Masters,14, Divorced, Sales, Unmarried, White, Female,25236,0,42, United-States
154,60, Private,120067, 9th,5, Married-civ-spouse, Farming-fishing, Husband, White, Male,0,0,45, United-States
155,32, Private,53206, Bachelors,13, Divorced, Craft-repair, Not-in-family, White, Male,0,0,50, United-States
156,36, Private,137314, Assoc-voc,11, Never-married, Tech-support, Not-in-family, White, Male,0,0,45, United-States
157,36, Private,30267, HS-grad,9, Married-civ-spouse, Transport-moving, Husband, White, Male,0,0,50, United-States
158,50, Private,222020, HS-grad,9, Married-civ-spouse, Craft-repair, Husband, White, Male,0,0,40, United-States
159,42, Self-emp-not-inc,27821, Assoc-voc,11, Married-civ-spouse, Exec-managerial, Husband, White, Male,0,0,60, United-States
160,25, Private,148300, Bachelors,13, Never-married, Prof-specialty, Own-child, White, Female,0,0,15, United-States
161,56, Self-emp-not-inc,26716, Bachelors,13, Married-civ-spouse, Exec-managerial, Husband, White, Male,0,0,20, United-States
162,23, Private,398904, Bachelors,13, Married-civ-spouse, Prof-specialty, Wife, White, Female,0,0,40, United-States
163,25, Private,255849, HS-grad,9, Never-married, Adm-clerical, Own-child, White, Female,0,0,40, United-States
164,65, Self-emp-inc,184965, Doctorate,16, Married-civ-spouse, Exec-managerial, Husband, White, Male,99999,0,40, United-States
165,24, Private,233777, Some-college,10, Never-married, Sales, Unmarried, White, Male,0,0,50, Mexico
166,46, Federal-gov,340718, 11th,7, Widowed, Adm-clerical, Not-in-family, White, Female,0,0,40, United-States
167,30, Private,235124, HS-grad,9, Married-civ-spouse, Transport-moving, Husband, White, Male,99999,0,40, United-States
168,52, Private,67090, HS-grad,9, Married-civ-spouse, Sales, Husband, White, Male,0,0,44, United-States
169,76, Private,98695, Some-college,10, Divorced, Adm-clerical, Not-in-family, White, Female,0,0,20, United-States
170,24, Private,111450, HS-grad,9, Never-married, Transport-moving, Unmarried, Black, Male,0,0,40, United-States
171,35, Private,101387, HS-grad,9, Divorced, Sales, Not-in-family, White, Female,0,0,50, United-States
172,26, Local-gov,159662, 10th,6, Married-civ-spouse, Other-service, Husband, White, Male,0,0,40, United-States
173,48, State-gov,31141, Some-college,10, Married-civ-spouse, Protective-serv, Husband, White, Male,0,1902,40, United-States
174,44, Private,198282, Bachelors,13, Married-civ-spouse, Exec-managerial, Husband, White, Male,15024,0,60, United-States
175,54, Private,378747, 10th,6, Separated, Transport-moving, Unmarried, Black, Male,0,0,45, United-States
176,65, ?,123484, HS-grad,9, Widowed, ?, Other-relative, White, Female,0,0,25, United-States
177,35, Private,38948, Some-college,10, Married-civ-spouse, Prof-specialty, Husband, White, Male,0,0,40, United-States
178,36, Self-emp-not-inc,167691, Some-college,10, Never-married, Other-service, Unmarried, White, Female,0,0,50, United-States
179,21, Private,247779, 11th,7, Never-married, Sales, Own-child, White, Female,0,0,38, United-States
180,38, Private,277022, Some-college,10, Divorced, Adm-clerical, Unmarried, White, Female,0,0,40, Columbia
181,38, Private,187264, HS-grad,9, Married-civ-spouse, Exec-managerial, Wife, White, Female,0,0,55, United-States
182,26, Private,164938, HS-grad,9, Married-civ-spouse, Sales, Husband, White, Male,0,0,40, United-States
183,35, Local-gov,107233, HS-grad,9, Never-married, Adm-clerical, Unmarried, Amer-Indian-Eskimo, Male,0,0,55, United-States
184,70, Private,102610, 10th,6, Married-civ-spouse, Handlers-cleaners, Husband, White, Male,0,0,32, United-States
185,46, Private,243190, HS-grad,9, Married-civ-spouse, Adm-clerical, Wife, White, Female,7688,0,40, United-States
186,32, Private,286675, Some-college,10, Never-married, Exec-managerial, Not-in-family, White, Male,0,0,60, United-States
187,42, Private,156580, Some-college,10, Married-civ-spouse, Machine-op-inspct, Wife, White, Female,0,0,37, United-States
188,33, Local-gov,422718, HS-grad,9, Married-civ-spouse, Other-service, Husband, White, Male,0,0,40, United-States
189,59, Private,184493, Some-college,10, Married-civ-spouse, Sales, Husband, White, Male,0,0,40, United-States
190,38, Private,275338, Bachelors,13, Divorced, Sales, Unmarried, White, Female,1151,0,40, United-States
191,40, Private,379919, Some-college,10, Married-civ-spouse, Machine-op-inspct, Husband, White, Male,0,0,40, United-States
192,28, Private,137898, Assoc-acdm,12, Never-married, Sales, Own-child, White, Female,0,0,35, United-States
193,49, Local-gov,98738, HS-grad,9, Married-civ-spouse, Craft-repair, Husband, White, Male,0,0,40, United-States
194,46, Private,551962, HS-grad,9, Separated, Handlers-cleaners, Unmarried, White, Female,0,0,50, Peru
195,54, Private,163894, Some-college,10, Married-civ-spouse, Handlers-cleaners, Husband, Black, Male,0,0,40, United-States
196,22, ?,22966, Some-college,10, Married-civ-spouse, ?, Husband, White, Male,0,0,6, United-States
197,41, Local-gov,37848, HS-grad,9, Never-married, Other-service, Unmarried, White, Female,0,0,25, United-States
198,56, Self-emp-not-inc,73746, Some-college,10, Married-civ-spouse, Exec-managerial, Husband, White, Male,0,0,50, United-States
199,32, Private,271276, HS-grad,9, Married-civ-spouse, Transport-moving, Husband, White, Male,0,0,80, United-States
200,46, Self-emp-inc,283004, Assoc-voc,11, Divorced, Exec-managerial, Unmarried, Asian-Pac-Islander, Female,0,0,63, Thailand
201,45, Private,162494, HS-grad,9, Never-married, Sales, Own-child, White, Female,0,0,19, United-States
202,29, Private,32897, HS-grad,9, Divorced, Other-service, Not-in-family, White, Female,0,0,25, United-States
203,61, State-gov,379885, Doctorate,16, Married-civ-spouse, Prof-specialty, Husband, White, Male,0,1902,40, United-States
204,60, Private,187458, 7th-8th,4, Married-civ-spouse, Craft-repair, Husband, White, Male,0,0,40, United-States
205,61, State-gov,162678, 5th-6th,3, Married-civ-spouse, Transport-moving, Husband, White, Male,0,0,40, United-States
206,52, Private,131631, 11th,7, Separated, Machine-op-inspct, Unmarried, Black, Male,0,0,40, United-States
207,49, Self-emp-inc,109705, Some-college,10, Divorced, Exec-managerial, Unmarried, White, Female,0,0,32, United-States
208,36, Private,102729, Some-college,10, Never-married, Craft-repair, Not-in-family, White, Male,0,0,40, United-States
209,30, Private,349148, Bachelors,13, Never-married, Prof-specialty, Not-in-family, White, Male,0,0,70, United-States
210,24, Private,218215, Assoc-voc,11, Never-married, Adm-clerical, Own-child, White, Female,0,0,20, United-States
211,45, Private,320192, 1st-4th,2, Married-civ-spouse, Other-service, Wife, White, Female,0,0,40, United-States
212,53, Self-emp-not-inc,105478, Bachelors,13, Married-civ-spouse, Exec-managerial, Husband, White, Male,0,2415,40, United-States
213,20, Private,138107, HS-grad,9, Never-married, Handlers-cleaners, Own-child, Black, Male,0,0,35, United-States
214,55, Private,52953, HS-grad,9, Divorced, Other-service, Unmarried, White, Female,0,0,40, United-States
215,24, Self-emp-inc,165474, Bachelors,13, Never-married, Sales, Own-child, White, Male,0,0,40, United-States
216,38, Private,215917, Some-college,10, Married-civ-spouse, Sales, Husband, Asian-Pac-Islander, Male,0,0,40, Philippines
217,44, Federal-gov,113597, Some-college,10, Married-civ-spouse, Exec-managerial, Husband, White, Male,0,0,55, United-States
218,23, Private,218343, Assoc-acdm,12, Never-married, Sales, Own-child, White, Female,0,0,40, United-States
219,30, Private,155343, HS-grad,9, Married-civ-spouse, Craft-repair, Husband, White, Male,5013,0,40, United-States
220,34, Private,304030, HS-grad,9, Married-civ-spouse, Adm-clerical, Husband, Black, Male,0,0,40, United-States
221,60, Private,198170, Some-college,10, Married-civ-spouse, Transport-moving, Husband, White, Male,0,0,40, United-States
222,29, Private,107458, Bachelors,13, Never-married, Sales, Not-in-family, White, Male,0,0,50, United-States
223,34, Private,104293, Bachelors,13, Never-married, Adm-clerical, Own-child, White, Female,0,0,40, United-States
224,42, Private,259757, Bachelors,13, Divorced, Prof-specialty, Unmarried, White, Male,0,653,50, United-States
225,31, Private,29662, Some-college,10, Never-married, Sales, Not-in-family, White, Female,0,0,60, United-States
226,52, Private,206862, HS-grad,9, Married-civ-spouse, Craft-repair, Husband, White, Male,0,0,40, United-States
227,27, Private,134890, Bachelors,13, Never-married, Tech-support, Own-child, White, Male,0,0,50, United-States
228,26, Private,259505, Some-college,10, Never-married, Other-service, Own-child, White, Male,0,0,40, United-States
229,18, Private,302859, HS-grad,9, Never-married, Sales, Own-child, White, Male,0,0,20, United-States
230,84, Private,188328, HS-grad,9, Widowed, Prof-specialty, Not-in-family, White, Female,0,0,16, United-States
231,25, Private,281627, Masters,14, Never-married, Prof-specialty, Not-in-family, White, Female,0,0,40, United-States
232,36, Self-emp-inc,37019, HS-grad,9, Never-married, Farming-fishing, Not-in-family, White, Male,0,0,50, United-States
233,29, Private,349116, HS-grad,9, Separated, Sales, Unmarried, White, Female,0,0,25, United-States
234,44, Private,124747, HS-grad,9, Married-civ-spouse, Exec-managerial, Wife, White, Female,3103,0,40, United-States
235,27, Private,193898, Bachelors,13, Married-civ-spouse, Sales, Husband, White, Male,0,0,45, United-States
236,18, Self-emp-not-inc,132986, HS-grad,9, Never-married, Farming-fishing, Own-child, White, Male,0,0,40, United-States
237,51, Private,141645, Some-college,10, Separated, Exec-managerial, Not-in-family, Black, Female,0,0,40, United-States
238,31, Private,98639, HS-grad,9, Never-married, Craft-repair, Unmarried, White, Male,0,0,40, United-States
239,20, ?,81853, Some-college,10, Never-married, ?, Own-child, Asian-Pac-Islander, Female,0,0,15, United-States
240,58, Self-emp-not-inc,193434, HS-grad,9, Married-civ-spouse, Craft-repair, Husband, White, Male,0,0,20, United-States
241,26, Private,258768, Some-college,10, Never-married, Transport-moving, Not-in-family, Black, Male,2174,0,75, United-States
242,45, Local-gov,191776, Masters,14, Divorced, Prof-specialty, Not-in-family, White, Female,0,0,40, United-States
243,31, Private,152156, HS-grad,9, Married-civ-spouse, Craft-repair, Husband, White, Male,0,0,45, United-States
244,39, State-gov,114366, Bachelors,13, Never-married, Prof-specialty, Not-in-family, White, Male,0,0,35, United-States
245,33, Private,202642, Bachelors,13, Separated, Prof-specialty, Other-relative, Black, Female,0,0,40, Jamaica
246,45, Private,178922, 9th,5, Never-married, Other-service, Not-in-family, White, Female,0,0,15, United-States
247,54, Private,88278, Doctorate,16, Married-civ-spouse, Prof-specialty, Husband, White, Male,0,1977,50, United-States
248,41, Private,168293, Masters,14, Divorced, Exec-managerial, Unmarried, White, Female,0,0,45, United-States
249,48, ?,61985, 9th,5, Separated, ?, Not-in-family, Amer-Indian-Eskimo, Female,0,0,20, United-States
250,52, Private,122109, HS-grad,9, Never-married, Prof-specialty, Unmarried, White, Female,0,323,40, United-States
251,30, Private,29662, Assoc-acdm,12, Married-civ-spouse, Other-service, Wife, White, Female,0,0,25, United-States
252,41, Private,320984, Prof-school,15, Married-civ-spouse, Prof-specialty, Husband, White, Male,99999,0,65, United-States
253,46, Local-gov,329752, 11th,7, Married-civ-spouse, Transport-moving, Husband, White, Male,0,0,30, United-States
254,34, Private,241360, HS-grad,9, Married-civ-spouse, Prof-specialty, Husband, White, Male,0,0,40, ?
255,35, Self-emp-not-inc,194404, Assoc-acdm,12, Never-married, Farming-fishing, Not-in-family, White, Male,0,0,40, United-States
256,20, Private,164219, HS-grad,9, Never-married, Handlers-cleaners, Own-child, White, Male,0,0,45, United-States
257,20, Private,88126, Some-college,10, Never-married, Adm-clerical, Own-child, White, Male,0,0,9, England
258,32, Self-emp-not-inc,112115, Bachelors,13, Married-civ-spouse, Prof-specialty, Husband, White, Male,7688,0,40, United-States
259,18, Private,249857, Some-college,10, Never-married, Other-service, Own-child, White, Male,0,0,20, United-States
260,44, Private,67671, Some-college,10, Married-civ-spouse, Handlers-cleaners, Husband, White, Male,0,0,40, United-States
261,26, Private,523067, Some-college,10, Never-married, Prof-specialty, Own-child, White, Male,0,0,3, El-Salvador
262,37, Private,126675, HS-grad,9, Never-married, Craft-repair, Not-in-family, White, Male,0,0,40, United-States
263,49, Private,142287, Some-college,10, Married-civ-spouse, Adm-clerical, Husband, White, Male,0,1902,50, United-States
264,37, ?,299090, HS-grad,9, Divorced, ?, Not-in-family, White, Female,0,0,30, United-States
265,58, Private,519006, HS-grad,9, Married-civ-spouse, Craft-repair, Husband, White, Male,0,0,52, United-States
266,72, Private,195184, HS-grad,9, Widowed, Priv-house-serv, Unmarried, White, Female,0,0,12, Cuba
267,45, Private,190482, Assoc-voc,11, Married-civ-spouse, Craft-repair, Husband, White, Male,0,0,76, United-States
268,19, Private,27433, 11th,7, Never-married, Handlers-cleaners, Not-in-family, White, Male,0,0,40, United-States
269,30, Private,75573, Bachelors,13, Never-married, Exec-managerial, Not-in-family, White, Female,0,0,45, Germany
270,54, Local-gov,279452, HS-grad,9, Married-civ-spouse, Farming-fishing, Husband, White, Male,0,0,40, United-States
271,54, Private,169785, Some-college,10, Divorced, Exec-managerial, Not-in-family, White, Female,0,0,40, Italy
272,35, Private,186489, 9th,5, Married-civ-spouse, Handlers-cleaners, Husband, White, Male,0,0,46, United-States
273,46, Private,364548, Bachelors,13, Divorced, Sales, Not-in-family, White, Male,8614,0,40, United-States
274,29, Local-gov,188909, Bachelors,13, Never-married, Prof-specialty, Own-child, Black, Female,0,0,42, United-States
275,72, ?,117017, HS-grad,9, Married-civ-spouse, ?, Husband, White, Male,0,0,8, United-States
276,34, ?,164309, 11th,7, Married-civ-spouse, ?, Wife, White, Female,0,0,8, United-States
277,25, Private,113099, HS-grad,9, Separated, Craft-repair, Not-in-family, Black, Male,0,0,40, United-States
278,45, Private,44489, HS-grad,9, Married-civ-spouse, Transport-moving, Husband, White, Male,0,0,45, United-States
279,49, Private,102583, Some-college,10, Married-civ-spouse, Prof-specialty, Husband, White, Male,0,1848,44, United-States
280,22, ?,228480, HS-grad,9, Married-civ-spouse, ?, Own-child, White, Female,0,0,20, United-States
281,41, Federal-gov,193882, HS-grad,9, Never-married, Adm-clerical, Own-child, White, Male,0,0,40, United-States
282,34, Self-emp-not-inc,156809, Some-college,10, Never-married, Craft-repair, Not-in-family, White, Male,0,1504,60, United-States
283,53, Private,276515, Bachelors,13, Never-married, Exec-managerial, Own-child, White, Male,0,0,40, Cuba
284,23, Private,159709, HS-grad,9, Divorced, Craft-repair, Not-in-family, White, Male,0,0,40, United-States
285,25, Private,137645, Bachelors,13, Never-married, Sales, Not-in-family, Black, Female,0,0,40, United-States
286,27, Private,198286, Some-college,10, Never-married, Other-service, Not-in-family, White, Female,0,0,34, United-States
287,42, Private,310632, Some-college,10, Married-civ-spouse, Craft-repair, Husband, Black, Male,0,0,40, United-States
288,35, Private,148015, Bachelors,13, Never-married, Sales, Own-child, Black, Female,0,0,40, United-States
289,26, Private,247025, HS-grad,9, Never-married, Protective-serv, Unmarried, White, Male,0,0,44, United-States
290,43, Private,163455, HS-grad,9, Married-civ-spouse, Craft-repair, Husband, White, Male,0,0,40, United-States
291,44, Private,210525, Some-college,10, Married-civ-spouse, Transport-moving, Husband, White, Male,0,0,40, United-States
292,53, Private,178356, Assoc-acdm,12, Married-civ-spouse, Exec-managerial, Husband, White, Male,2407,0,99, United-States
293,45, Private,99179, 11th,7, Widowed, Adm-clerical, Unmarried, White, Female,0,0,40, United-States
294,55, Private,229029, Bachelors,13, Married-civ-spouse, Exec-managerial, Husband, White, Male,15024,0,48, United-States
295,62, Self-emp-not-inc,71467, Bachelors,13, Married-civ-spouse, Craft-repair, Husband, White, Male,0,0,55, United-States
296,17, Private,134480, 11th,7, Never-married, Priv-house-serv, Own-child, White, Female,0,0,25, United-States
297,33, Private,117983, HS-grad,9, Never-married, Adm-clerical, Not-in-family, White, Female,0,0,41, United-States
298,45, Private,474617, HS-grad,9, Divorced, Sales, Unmarried, Black, Male,5455,0,40, United-States
299,31, State-gov,181824, Bachelors,13, Married-civ-spouse, Prof-specialty, Wife, White, Female,0,1902,35, United-States
300,48, Private,34845, HS-grad,9, Divorced, Craft-repair, Other-relative, White, Male,0,0,40, United-States
301,25, Local-gov,476599, Bachelors,13, Never-married, Prof-specialty, Not-in-family, White, Female,0,0,40, United-States
302,28, Private,109001, Masters,14, Married-civ-spouse, Prof-specialty, Husband, White, Male,0,0,38, United-States
303,24, Private,94395, Some-college,10, Never-married, Craft-repair, Not-in-family, White, Male,0,0,40, United-States
304,20, Private,115057, HS-grad,9, Never-married, Craft-repair, Not-in-family, White, Male,0,0,40, United-States
305,42, Private,110028, HS-grad,9, Married-civ-spouse, Craft-repair, Husband, White, Male,0,0,40, United-States
306,46, Private,306183, HS-grad,9, Never-married, Adm-clerical, Unmarried, White, Female,0,0,37, United-States
307,65, Private,94552, Some-college,10, Divorced, Adm-clerical, Not-in-family, White, Female,0,0,40, United-States
308,44, Private,118550, HS-grad,9, Divorced, Other-service, Unmarried, White, Female,0,0,33, United-States
309,44, Private,240043, 10th,6, Married-spouse-absent, Adm-clerical, Unmarried, Black, Female,0,0,30, United-States
310,17, Private,369909, 10th,6, Never-married, Other-service, Own-child, White, Male,0,0,20, United-States
311,27, Private,279608, 5th-6th,3, Married-civ-spouse, Farming-fishing, Husband, White, Male,0,0,40, Mexico
312,72, Without-pay,121004, HS-grad,9, Married-civ-spouse, Other-service, Husband, White, Male,0,0,55, United-States
313,39, Private,198654, Prof-school,15, Married-civ-spouse, Prof-specialty, Husband, Asian-Pac-Islander, Male,0,2415,67, India
314,24, ?,151153, Some-college,10, Never-married, ?, Not-in-family, Asian-Pac-Islander, Male,99999,0,50, South
315,60, Federal-gov,21876, Some-college,10, Divorced, Prof-specialty, Not-in-family, Amer-Indian-Eskimo, Female,0,0,40, United-States
316,48, Private,47686, 11th,7, Married-civ-spouse, Other-service, Wife, White, Female,0,0,40, United-States
317,55, State-gov,181641, Some-college,10, Divorced, Prof-specialty, Not-in-family, Black, Female,0,0,37, United-States
318,61, ?,187636, Bachelors,13, Divorced, ?, Unmarried, White, Female,0,0,40, United-States
319,17, Private,232900, 11th,7, Never-married, Handlers-cleaners, Own-child, White, Male,0,0,25, United-States
320,55, Private,24694, Some-college,10, Divorced, Prof-specialty, Not-in-family, White, Female,0,0,40, United-States
321,34, Private,112212, HS-grad,9, Married-civ-spouse, Adm-clerical, Husband, White, Male,0,1485,40, United-States
322,46, Private,72896, 9th,5, Married-civ-spouse, Machine-op-inspct, Husband, White, Male,0,0,43, United-States
323,55, Private,105582, HS-grad,9, Married-civ-spouse, Handlers-cleaners, Husband, White, Male,3103,0,40, United-States
324,36, Private,183612, HS-grad,9, Married-civ-spouse, Prof-specialty, Husband, White, Male,0,1977,40, United-States
325,22, Private,83315, HS-grad,9, Never-married, Adm-clerical, Unmarried, White, Male,0,0,40, United-States
326,50, Private,217577, HS-grad,9, Widowed, Machine-op-inspct, Unmarried, White, Female,0,0,40, United-States
327,28, Private,33798, 12th,8, Never-married, Transport-moving, Not-in-family, White, Male,0,0,50, United-States
328,53, Local-gov,164300, Bachelors,13, Divorced, Adm-clerical, Unmarried, White, Female,0,0,38, Dominican-Republic
329,49, Self-emp-not-inc,43479, Some-college,10, Married-civ-spouse, Craft-repair, Husband, White, Male,0,0,40, United-States
330,33, Self-emp-not-inc,295621, Bachelors,13, Married-civ-spouse, Prof-specialty, Husband, Black, Male,0,0,25, United-States
331,25, Private,169100, Masters,14, Married-civ-spouse, Exec-managerial, Husband, White, Male,0,0,40, United-States
332,67, Private,222899, Assoc-voc,11, Divorced, Prof-specialty, Unmarried, White, Female,0,0,40, United-States
333,32, Private,248584, HS-grad,9, Never-married, Farming-fishing, Own-child, White, Male,0,0,40, United-States
334,34, Private,66309, HS-grad,9, Married-civ-spouse, Craft-repair, Husband, White, Male,0,0,35, United-States
335,21, Private,195532, HS-grad,9, Never-married, Adm-clerical, Unmarried, White, Female,0,0,40, United-States
336,29, State-gov,267989, Bachelors,13, Married-civ-spouse, Prof-specialty, Husband, White, Male,0,0,50, United-States
337,24, Private,241523, HS-grad,9, Married-civ-spouse, Other-service, Husband, White, Male,0,0,45, United-States
338,25, Private,122175, HS-grad,9, Never-married, Handlers-cleaners, Own-child, White, Male,0,0,40, United-States
339,23, ?,86337, Some-college,10, Never-married, ?, Not-in-family, White, Female,0,0,15, United-States
340,37, Private,196529, Some-college,10, Widowed, Other-service, Not-in-family, White, Female,2354,0,40, ?
341,25, Private,60358, Bachelors,13, Never-married, Exec-managerial, Own-child, White, Male,0,0,40, United-States
342,24, Private,201680, HS-grad,9, Never-married, Craft-repair, Own-child, White, Male,0,0,40, United-States
343,31, Private,509364, 5th-6th,3, Never-married, Machine-op-inspct, Not-in-family, White, Male,0,0,45, Mexico
344,26, Private,29957, Masters,14, Never-married, Tech-support, Other-relative, White, Male,0,0,25, United-States
345,71, Private,105200, HS-grad,9, Married-civ-spouse, Protective-serv, Husband, White, Male,6767,0,20, United-States
346,45, Private,331643, Some-college,10, Married-civ-spouse, Craft-repair, Husband, White, Male,0,0,40, United-States
347,18, Private,36275, HS-grad,9, Never-married, Craft-repair, Own-child, White, Male,0,0,25, United-States
348,22, Private,460835, HS-grad,9, Never-married, Craft-repair, Own-child, White, Male,0,0,55, United-States
349,53, Private,126592, Some-college,10, Married-civ-spouse, Craft-repair, Husband, Black, Male,7688,0,40, United-States
350,17, ?,333100, 10th,6, Never-married, ?, Own-child, White, Male,1055,0,30, United-States
351,49, Private,188694, Bachelors,13, Never-married, Exec-managerial, Not-in-family, White, Male,0,0,40, United-States
352,21, Self-emp-not-inc,25631, Some-college,10, Never-married, Farming-fishing, Own-child, White, Male,0,0,40, United-States
353,58, Federal-gov,298643, HS-grad,9, Divorced, Adm-clerical, Unmarried, Black, Female,0,0,40, United-States
354,27, Private,339956, HS-grad,9, Married-civ-spouse, Transport-moving, Husband, Black, Male,0,0,60, United-States
355,26, Private,104045, HS-grad,9, Never-married, Other-service, Own-child, White, Female,0,0,30, United-States
356,19, Self-emp-not-inc,137578, HS-grad,9, Never-married, Other-service, Own-child, White, Male,0,0,53, United-States
357,26, Private,156976, Assoc-voc,11, Separated, Other-service, Not-in-family, Black, Male,0,0,40, United-States
358,47, State-gov,188386, Masters,14, Separated, Prof-specialty, Not-in-family, White, Male,0,0,38, United-States
359,55, Private,255364, Some-college,10, Married-civ-spouse, Prof-specialty, Husband, White, Male,0,0,40, United-States
360,56, Private,198388, HS-grad,9, Divorced, Adm-clerical, Not-in-family, White, Female,0,0,40, United-States
361,63, Self-emp-not-inc,179981, Some-college,10, Married-civ-spouse, Exec-managerial, Husband, White, Male,0,0,60, United-States
362,39, Private,224566, Bachelors,13, Married-civ-spouse, Exec-managerial, Husband, White, Male,0,0,60, United-States
363,43, Private,174575, Some-college,10, Divorced, Prof-specialty, Unmarried, White, Male,0,0,45, United-States
364,47, Private,161676, 11th,7, Never-married, Transport-moving, Not-in-family, Black, Male,0,0,40, United-States
365,45, State-gov,36032, HS-grad,9, Divorced, Protective-serv, Unmarried, Black, Female,0,0,40, United-States
366,23, Private,250743, Some-college,10, Divorced, Adm-clerical, Not-in-family, Black, Male,0,0,40, United-States
367,47, Private,217161, HS-grad,9, Divorced, Other-service, Not-in-family, Black, Female,0,0,14, United-States
368,63, Private,163708, 9th,5, Widowed, Other-service, Not-in-family, White, Female,0,0,20, United-States
369,42, Self-emp-not-inc,24763, Doctorate,16, Married-civ-spouse, Prof-specialty, Husband, White, Male,15024,0,40, United-States
370,50, Private,177896, Doctorate,16, Married-civ-spouse, Prof-specialty, Husband, White, Male,0,0,40, United-States
371,44, Self-emp-not-inc,155930, Bachelors,13, Married-civ-spouse, Exec-managerial, Husband, White, Male,0,0,60, United-States
372,57, Private,375868, Masters,14, Married-civ-spouse, Adm-clerical, Husband, White, Male,0,0,40, United-States
373,44, Private,116358, Bachelors,13, Married-civ-spouse, Sales, Husband, Asian-Pac-Islander, Male,0,0,40, United-States
374,50, Private,237729, HS-grad,9, Widowed, Sales, Not-in-family, White, Female,0,2444,72, United-States
375,42, Self-emp-not-inc,119207, HS-grad,9, Never-married, Exec-managerial, Not-in-family, White, Male,0,0,48, United-States
376,37, Private,359131, HS-grad,9, Divorced, Craft-repair, Unmarried, White, Female,0,0,48, United-States
377,42, Private,180032, Masters,14, Never-married, Prof-specialty, Not-in-family, White, Female,0,0,40, United-States
378,34, Private,118551, Bachelors,13, Never-married, Tech-support, Not-in-family, White, Female,0,0,40, United-States
379,35, Private,37314, Some-college,10, Married-civ-spouse, Craft-repair, Husband, White, Male,5013,0,40, United-States
380,48, Private,118717, Bachelors,13, Divorced, Prof-specialty, Not-in-family, Black, Female,0,0,40, United-States
381,61, Private,119684, Prof-school,15, Married-civ-spouse, Prof-specialty, Husband, White, Male,15024,0,20, United-States
382,26, Private,43408, Bachelors,13, Married-civ-spouse, Prof-specialty, Husband, White, Male,0,0,40, United-States
383,55, Private,148773, 10th,6, Married-civ-spouse, Machine-op-inspct, Husband, White, Male,0,0,40, United-States
384,50, Self-emp-inc,283676, Doctorate,16, Married-civ-spouse, Prof-specialty, Husband, White, Male,15024,0,60, United-States
385,37, Private,329980, Some-college,10, Married-civ-spouse, Craft-repair, Husband, White, Male,0,0,40, United-States
386,47, Private,387468, Some-college,10, Married-civ-spouse, Prof-specialty, Husband, White, Male,0,0,40, Scotland
387,23, Private,199336, Assoc-voc,11, Never-married, Craft-repair, Unmarried, White, Male,0,0,50, United-States
388,30, Private,149427, HS-grad,9, Never-married, Craft-repair, Own-child, White, Male,0,0,35, United-States
389,30, Private,423770, Some-college,10, Never-married, Prof-specialty, Own-child, White, Male,0,0,40, Mexico
390,25, Private,265618, HS-grad,9, Separated, Protective-serv, Own-child, Black, Male,0,0,40, United-States
391,27, Private,59068, HS-grad,9, Married-civ-spouse, Handlers-cleaners, Husband, White, Male,0,0,40, United-States
392,24, Private,229773, Some-college,10, Married-civ-spouse, Craft-repair, Husband, White, Male,0,0,35, United-States
393,27, ?,157624, HS-grad,9, Separated, ?, Other-relative, White, Female,0,0,40, United-States
394,76, Private,142535, HS-grad,9, Widowed, Adm-clerical, Not-in-family, White, Male,0,0,6, United-States
395,30, Private,287986, Some-college,10, Never-married, Handlers-cleaners, Not-in-family, White, Male,0,0,40, United-States
396,27, Private,232954, HS-grad,9, Married-civ-spouse, Sales, Husband, White, Male,0,0,45, United-States
397,20, ?,358783, Some-college,10, Never-married, ?, Own-child, White, Female,0,0,35, United-States
398,44, State-gov,55395, HS-grad,9, Never-married, Craft-repair, Not-in-family, White, Male,0,0,40, United-States
399,24, Private,182342, HS-grad,9, Never-married, Handlers-cleaners, Not-in-family, White, Male,0,0,40, United-States
400,52, Self-emp-not-inc,162381, HS-grad,9, Divorced, Sales, Not-in-family, White, Male,0,0,40, United-States
401,55, Local-gov,88856, 7th-8th,4, Never-married, Other-service, Unmarried, Black, Female,0,0,40, United-States
402,34, Private,506858, Assoc-voc,11, Married-civ-spouse, Craft-repair, Husband, White, Male,0,0,32, United-States
403,47, Private,206659, Some-college,10, Divorced, Adm-clerical, Other-relative, White, Female,0,0,40, United-States
404,22, Private,191342, Bachelors,13, Never-married, Sales, Own-child, Asian-Pac-Islander, Male,0,0,50, Taiwan
405,43, Private,75742, Some-college,10, Married-civ-spouse, Transport-moving, Husband, White, Male,0,0,45, United-States
406,65, Self-emp-inc,210381, Bachelors,13, Married-civ-spouse, Exec-managerial, Husband, White, Male,99999,0,65, United-States
407,51, Private,43354, 11th,7, Married-civ-spouse, Craft-repair, Husband, White, Male,0,0,40, United-States
408,31, Private,420749, Assoc-acdm,12, Married-civ-spouse, Craft-repair, Husband, White, Male,0,0,40, United-States
409,31, Private,34572, Bachelors,13, Married-civ-spouse, Sales, Husband, White, Male,0,0,55, United-States
410,31, Local-gov,127651, 10th,6, Never-married, Transport-moving, Other-relative, White, Male,0,1741,40, United-States
411,36, Private,184659, HS-grad,9, Married-civ-spouse, Machine-op-inspct, Husband, White, Male,0,0,40, United-States
412,56, Self-emp-not-inc,210731, 7th-8th,4, Divorced, Sales, Other-relative, White, Male,0,0,20, Mexico
413,28, Private,201175, 11th,7, Never-married, Machine-op-inspct, Not-in-family, Black, Male,0,0,40, United-States
414,51, Local-gov,166461, Doctorate,16, Married-civ-spouse, Prof-specialty, Wife, Black, Female,0,0,40, United-States
415,47, Self-emp-not-inc,249585, Some-college,10, Married-civ-spouse, Craft-repair, Husband, White, Male,0,0,30, United-States
416,36, Private,163396, Assoc-voc,11, Married-civ-spouse, Prof-specialty, Wife, White, Female,0,0,40, United-States
417,25, Private,191782, 11th,7, Never-married, Machine-op-inspct, Own-child, Black, Female,0,0,40, United-States
418,32, State-gov,304212, HS-grad,9, Never-married, Exec-managerial, Not-in-family, White, Male,0,0,50, United-States
419,32, Private,176185, Some-college,10, Divorced, Exec-managerial, Other-relative, White, Male,0,0,60, United-States
420,25, Private,257310, HS-grad,9, Never-married, Machine-op-inspct, Not-in-family, White, Male,0,0,40, United-States
421,36, Self-emp-not-inc,182898, Bachelors,13, Married-civ-spouse, Exec-managerial, Husband, White, Male,7298,0,40, United-States
422,23, ?,148751, Some-college,10, Never-married, ?, Not-in-family, White, Female,0,0,35, United-States
423,34, ?,286689, Masters,14, Never-married, ?, Not-in-family, White, Male,4650,0,30, United-States
424,17, Private,173807, 11th,7, Never-married, Craft-repair, Own-child, White, Female,0,0,15, United-States
425,32, Private,117779, HS-grad,9, Never-married, Transport-moving, Own-child, White, Female,0,0,35, United-States
426,39, Private,70995, Bachelors,13, Married-civ-spouse, Transport-moving, Husband, White, Male,15024,0,99, United-States
427,69, ?,323016, Bachelors,13, Married-civ-spouse, ?, Husband, White, Male,99999,0,40, United-States
428,19, Private,42069, HS-grad,9, Never-married, Transport-moving, Own-child, White, Male,2176,0,45, United-States
429,43, Private,132393, HS-grad,9, Never-married, Handlers-cleaners, Own-child, White, Male,0,0,40, Poland
430,30, Private,176175, Assoc-voc,11, Divorced, Adm-clerical, Unmarried, White, Female,0,0,24, United-States
431,25, Private,109419, HS-grad,9, Never-married, Adm-clerical, Own-child, White, Female,0,0,40, United-States
432,40, Private,193494, HS-grad,9, Married-civ-spouse, Handlers-cleaners, Husband, White, Male,0,0,46, United-States
433,24, Self-emp-not-inc,191954, 7th-8th,4, Never-married, Farming-fishing, Own-child, White, Male,0,0,50, United-States
434,32, Private,156464, HS-grad,9, Married-civ-spouse, Sales, Husband, White, Male,0,1902,50, United-States
435,46, Local-gov,202560, Bachelors,13, Divorced, Prof-specialty, Not-in-family, White, Female,0,1408,40, United-States
436,34, Private,102130, HS-grad,9, Married-civ-spouse, Sales, Husband, White, Male,0,0,65, United-States
437,57, ?,300104, 5th-6th,3, Married-civ-spouse, ?, Husband, White, Male,7298,0,84, United-States
438,23, Self-emp-not-inc,409230, 1st-4th,2, Married-civ-spouse, Sales, Other-relative, White, Male,0,0,40, United-States
439,59, Private,189664, Some-college,10, Married-civ-spouse, Sales, Husband, White, Male,0,0,40, United-States
440,19, Private,277974, Some-college,10, Never-married, Sales, Own-child, White, Male,0,0,35, United-States
441,57, Private,195876, HS-grad,9, Married-civ-spouse, Craft-repair, Husband, White, Male,0,0,40, United-States
442,38, Private,234901, Masters,14, Married-civ-spouse, Exec-managerial, Husband, White, Male,0,1977,60, United-States
443,31, Private,193231, Bachelors,13, Never-married, Tech-support, Not-in-family, White, Male,3325,0,60, United-States
444,23, Private,184665, HS-grad,9, Never-married, Adm-clerical, Not-in-family, White, Female,0,0,50, United-States
445,33, Local-gov,194901, Bachelors,13, Married-civ-spouse, Prof-specialty, Husband, White, Male,0,0,40, United-States
446,61, Private,190682, HS-grad,9, Widowed, Craft-repair, Not-in-family, Black, Female,0,1669,50, United-States
447,32, Private,164190, Some-college,10, Never-married, Exec-managerial, Own-child, White, Male,0,0,40, United-States
448,40, Private,73025, HS-grad,9, Married-civ-spouse, Other-service, Husband, Asian-Pac-Islander, Male,0,0,30, China
449,57, Private,199934, Bachelors,13, Married-civ-spouse, Exec-managerial, Husband, White, Male,0,0,40, United-States
450,41, Private,116493, HS-grad,9, Divorced, Craft-repair, Not-in-family, White, Male,13550,0,44, United-States
451,49, Self-emp-inc,257764, HS-grad,9, Divorced, Exec-managerial, Unmarried, White, Female,0,0,40, United-States
452,21, Private,156807, HS-grad,9, Never-married, Other-service, Own-child, Black, Male,0,0,10, United-States
453,57, Self-emp-not-inc,152030, Some-college,10, Married-civ-spouse, Sales, Wife, White, Female,0,0,25, United-States
454,29, Private,350162, Bachelors,13, Married-civ-spouse, Exec-managerial, Wife, White, Male,0,0,40, United-States
455,50, Self-emp-inc,100029, Bachelors,13, Widowed, Sales, Unmarried, White, Male,0,0,65, United-States
456,51, Private,200576, Some-college,10, Divorced, Adm-clerical, Not-in-family, White, Female,0,0,63, United-States
457,33, Private,153588, HS-grad,9, Married-civ-spouse, Machine-op-inspct, Husband, White, Male,0,0,40, United-States
458,38, Private,296999, Bachelors,13, Never-married, Exec-managerial, Not-in-family, White, Female,0,0,70, United-States
459,38, Private,226106, Some-college,10, Never-married, Adm-clerical, Unmarried, Black, Female,0,0,40, United-States
460,29, Private,113464, HS-grad,9, Never-married, Transport-moving, Other-relative, Other, Male,0,0,40, Dominican-Republic
461,62, ?,68461, Doctorate,16, Married-civ-spouse, ?, Husband, Amer-Indian-Eskimo, Male,0,0,40, United-States
462,29, Self-emp-not-inc,169662, HS-grad,9, Married-civ-spouse, Craft-repair, Husband, White, Male,0,0,40, United-States
463,32, Private,549430, HS-grad,9, Never-married, Priv-house-serv, Unmarried, White, Female,0,0,40, Mexico
464,46, Private,403911, HS-grad,9, Married-civ-spouse, Craft-repair, Husband, Black, Male,0,1902,40, United-States
465,34, Private,152246, HS-grad,9, Married-civ-spouse, Transport-moving, Husband, Amer-Indian-Eskimo, Male,0,0,52, United-States
466,57, Private,299358, HS-grad,9, Widowed, Other-service, Other-relative, White, Female,0,1719,25, United-States
467,22, Private,216181, 11th,7, Never-married, Craft-repair, Own-child, White, Male,0,0,45, United-States
468,47, Local-gov,171095, Assoc-acdm,12, Married-civ-spouse, Adm-clerical, Wife, White, Female,0,0,35, United-States
469,39, Private,91996, HS-grad,9, Divorced, Other-service, Unmarried, White, Female,0,0,40, United-States
470,33, Private,213813, Some-college,10, Divorced, Tech-support, Unmarried, White, Female,0,0,40, United-States
471,32, Private,45796, 12th,8, Married-civ-spouse, Handlers-cleaners, Husband, White, Male,0,0,40, United-States
472,34, Private,191930, Some-college,10, Married-civ-spouse, Machine-op-inspct, Husband, Black, Male,0,0,40, United-States
473,26, Private,101150, HS-grad,9, Divorced, Exec-managerial, Not-in-family, White, Female,0,0,41, United-States
474,19, Private,91928, Some-college,10, Never-married, Other-service, Other-relative, White, Female,0,0,35, United-States
475,48, Private,379883, Masters,14, Married-civ-spouse, Prof-specialty, Husband, White, Male,0,0,40, Cuba
476,33, Private,235847, Prof-school,15, Married-civ-spouse, Exec-managerial, Wife, White, Female,0,0,40, United-States
477,27, Private,214858, Bachelors,13, Never-married, Sales, Own-child, White, Male,0,0,40, United-States
478,26, Private,192022, Bachelors,13, Never-married, Prof-specialty, Own-child, White, Female,0,0,40, United-States
479,52, Private,180142, Masters,14, Married-civ-spouse, Tech-support, Husband, White, Male,0,0,45, United-States
480,33, Self-emp-not-inc,188957, Bachelors,13, Never-married, Sales, Not-in-family, White, Female,0,0,40, United-States
481,23, Private,147253, Assoc-acdm,12, Never-married, Sales, Not-in-family, White, Male,0,0,40, United-States
482,48, Private,320421, HS-grad,9, Married-civ-spouse, Sales, Husband, White, Male,0,0,50, United-States
483,43, Private,133584, HS-grad,9, Divorced, Craft-repair, Not-in-family, White, Male,0,0,40, United-States
484,23, ?,226891, HS-grad,9, Never-married, ?, Other-relative, Asian-Pac-Islander, Female,0,0,20, South
485,46, Private,130779, Some-college,10, Married-civ-spouse, Adm-clerical, Husband, White, Male,0,0,40, United-States
486,25, Private,156334, 10th,6, Married-civ-spouse, Machine-op-inspct, Husband, White, Male,0,0,40, United-States
487,38, Private,335104, Bachelors,13, Divorced, Prof-specialty, Not-in-family, White, Female,0,0,35, United-States
488,22, Private,110684, HS-grad,9, Never-married, Adm-clerical, Own-child, White, Male,0,0,20, United-States
489,90, Private,313986, 11th,7, Married-civ-spouse, Craft-repair, Husband, White, Male,0,0,40, United-States
490,32, Private,245482, HS-grad,9, Married-civ-spouse, Machine-op-inspct, Husband, Asian-Pac-Islander, Male,0,0,40, ?
491,69, Self-emp-not-inc,58213, Bachelors,13, Married-civ-spouse, Prof-specialty, Husband, White, Male,20051,0,45, United-States
492,41, Private,225193, HS-grad,9, Married-civ-spouse, Sales, Husband, White, Male,0,0,40, United-States
493,71, Private,183678, Prof-school,15, Married-civ-spouse, Prof-specialty, Husband, White, Male,0,0,16, United-States
494,28, Private,195000, Bachelors,13, Never-married, Sales, Other-relative, White, Female,0,0,45, United-States
495,18, Private,157131, 11th,7, Never-married, Sales, Own-child, White, Female,0,0,30, United-States
496,51, Private,152596, HS-grad,9, Married-civ-spouse, Protective-serv, Husband, White, Male,0,0,40, United-States
497,54, Private,108435, HS-grad,9, Married-civ-spouse, Adm-clerical, Husband, White, Male,0,0,20, United-States
498,28, Private,224629, Masters,14, Never-married, Exec-managerial, Not-in-family, Other, Male,0,0,30, Cuba
499,37, Private,170408, Assoc-voc,11, Divorced, Machine-op-inspct, Not-in-family, White, Female,0,0,30, United-States
500,22, Private,99697, HS-grad,9, Never-married, Handlers-cleaners, Own-child, White, Female,0,0,40, United-States
